fold,level,model,tol,design_column,coefficient,intercept
0,0,M0,1e-10,sin1,0.00886069129394703,-7.50442466829258
0,0,M0,1e-10,cos1,-0.3287942231920078,-7.50442466829258
0,0,M0,1e-10,sin2,-0.04721333761598388,-7.50442466829258
0,0,M0,1e-10,cos2,-0.06337978239298825,-7.50442466829258
0,0,M0,1e-10,sin3,0.047472517078757014,-7.50442466829258
0,0,M0,1e-10,cos3,0.01949964078834507,-7.50442466829258
0,0,M0,1e-10,dow_1,-0.014553210834179943,-7.50442466829258
0,0,M0,1e-10,dow_2,-0.05248411358134623,-7.50442466829258
0,0,M0,1e-10,dow_3,-0.08276326567017148,-7.50442466829258
0,0,M0,1e-10,dow_4,-0.14064547447252387,-7.50442466829258
0,0,M0,1e-10,dow_5,0.0011087713866296488,-7.50442466829258
0,0,M0,1e-10,dow_6,0.024738747996228265,-7.50442466829258
0,0,M0,1e-10,unit_10,0.115671983283901,-7.50442466829258
0,0,M0,1e-10,unit_11,0.005545448473230505,-7.50442466829258
0,0,M0,1e-10,unit_12,0.10261953682362394,-7.50442466829258
0,0,M0,1e-10,unit_13,-0.15768687473580079,-7.50442466829258
0,0,M0,1e-10,unit_14,0.1808959511281074,-7.50442466829258
0,0,M0,1e-10,unit_15,-0.08966372942060019,-7.50442466829258
0,0,M0,1e-10,unit_16,-0.044121749521025246,-7.50442466829258
0,0,M0,1e-10,unit_2,-0.14130424476819453,-7.50442466829258
0,0,M0,1e-10,unit_3,0.10418218118771506,-7.50442466829258
0,0,M0,1e-10,unit_4,-0.15555048142968117,-7.50442466829258
0,0,M0,1e-10,unit_5,-0.20378078870928856,-7.50442466829258
0,0,M0,1e-10,unit_6,-0.10242884556759232,-7.50442466829258
0,0,M0,1e-10,unit_7,0.17285701780880375,-7.50442466829258
0,0,M0,1e-10,unit_8,0.31872462046208966,-7.50442466829258
0,0,M0,1e-10,unit_9,-0.343108030273843,-7.50442466829258
0,1,M1,1e-10,sin1,0.05087511180792717,-7.491134186877691
0,1,M1,1e-10,cos1,-0.2664183813354104,-7.491134186877691
0,1,M1,1e-10,sin2,-0.032295926255613575,-7.491134186877691
0,1,M1,1e-10,cos2,-0.05129512562577532,-7.491134186877691
0,1,M1,1e-10,sin3,0.05412177441298718,-7.491134186877691
0,1,M1,1e-10,cos3,0.01164624293433528,-7.491134186877691
0,1,M1,1e-10,tmean_z,-0.11784007850140966,-7.491134186877691
0,1,M1,1e-10,heat_z,-0.02919270014968654,-7.491134186877691
0,1,M1,1e-10,cold_z,-0.027509117099392053,-7.491134186877691
0,1,M1,1e-10,precip_z,0.0105817732722266,-7.491134186877691
0,1,M1,1e-10,heavy_precip_z,-0.039319236279717715,-7.491134186877691
0,1,M1,1e-10,dewpoint_depression_z,0.07681686624247165,-7.491134186877691
0,1,M1,1e-10,vulnerability_index_z,-0.056455073274981754,-7.491134186877691
0,1,M1,1e-10,dow_1,-0.017221159939005363,-7.491134186877691
0,1,M1,1e-10,dow_2,-0.0547018764715747,-7.491134186877691
0,1,M1,1e-10,dow_3,-0.08528507231156454,-7.491134186877691
0,1,M1,1e-10,dow_4,-0.14172676876296736,-7.491134186877691
0,1,M1,1e-10,dow_5,0.004216998751477134,-7.491134186877691
0,1,M1,1e-10,dow_6,0.024425277200968383,-7.491134186877691
0,1,M1,1e-10,unit_10,0.14406881485454776,-7.491134186877691
0,1,M1,1e-10,unit_11,-0.03931039056703498,-7.491134186877691
0,1,M1,1e-10,unit_12,0.022094103873477343,-7.491134186877691
0,1,M1,1e-10,unit_13,-0.22907866121714293,-7.491134186877691
0,1,M1,1e-10,unit_14,0.1882691222451482,-7.491134186877691
0,1,M1,1e-10,unit_15,-0.082995704506586,-7.491134186877691
0,1,M1,1e-10,unit_16,-0.03847838933708782,-7.491134186877691
0,1,M1,1e-10,unit_2,-0.10979863842840064,-7.491134186877691
0,1,M1,1e-10,unit_3,0.03626083551489065,-7.491134186877691
0,1,M1,1e-10,unit_4,-0.10863400616937155,-7.491134186877691
0,1,M1,1e-10,unit_5,-0.1571818531689765,-7.491134186877691
0,1,M1,1e-10,unit_6,-0.10174983719191015,-7.491134186877691
0,1,M1,1e-10,unit_7,0.20036360601766093,-7.491134186877691
0,1,M1,1e-10,unit_8,0.3531536341062835,-7.491134186877691
0,1,M1,1e-10,unit_9,-0.31136275735005403,-7.491134186877691
0,2,M2,1e-10,sin1,0.07776960594933985,-7.492385690832762
0,2,M2,1e-10,cos1,-0.35718115822190977,-7.492385690832762
0,2,M2,1e-10,sin2,0.11908244966693912,-7.492385690832762
0,2,M2,1e-10,cos2,-0.06393537986039895,-7.492385690832762
0,2,M2,1e-10,sin3,0.00639175255163287,-7.492385690832762
0,2,M2,1e-10,cos3,-0.045975116566802504,-7.492385690832762
0,2,M2,1e-10,tmean_z,-0.14216178104027935,-7.492385690832762
0,2,M2,1e-10,heat_z,-0.0012746391646179826,-7.492385690832762
0,2,M2,1e-10,cold_z,-0.004827946744251518,-7.492385690832762
0,2,M2,1e-10,precip_z,0.013325276650897734,-7.492385690832762
0,2,M2,1e-10,heavy_precip_z,-0.020499839640207226,-7.492385690832762
0,2,M2,1e-10,dewpoint_depression_z,0.07545354375083148,-7.492385690832762
0,2,M2,1e-10,vulnerability_index_z,-0.009928006634827133,-7.492385690832762
0,2,M2,1e-10,mem_heat_h1_z,-0.012922960694197018,-7.492385690832762
0,2,M2,1e-10,mem_heat_h3_z,-8.773304770997175e-05,-7.492385690832762
0,2,M2,1e-10,mem_heat_h7_z,0.00957182231832483,-7.492385690832762
0,2,M2,1e-10,mem_heat_h14_z,0.11546466742125462,-7.492385690832762
0,2,M2,1e-10,mem_heat_h28_z,-0.26459185088265014,-7.492385690832762
0,2,M2,1e-10,mem_cold_h1_z,-0.020848460698684554,-7.492385690832762
0,2,M2,1e-10,mem_cold_h3_z,-0.01054266521897757,-7.492385690832762
0,2,M2,1e-10,mem_cold_h7_z,0.006390203753774339,-7.492385690832762
0,2,M2,1e-10,mem_cold_h14_z,0.019684697779633425,-7.492385690832762
0,2,M2,1e-10,mem_cold_h28_z,-0.07849436897027715,-7.492385690832762
0,2,M2,1e-10,mem_precip_h1_z,-0.014220412569218865,-7.492385690832762
0,2,M2,1e-10,mem_precip_h3_z,-0.02441325292917802,-7.492385690832762
0,2,M2,1e-10,mem_precip_h7_z,0.03604087431482172,-7.492385690832762
0,2,M2,1e-10,mem_precip_h14_z,0.04828162586342032,-7.492385690832762
0,2,M2,1e-10,mem_precip_h28_z,0.028490062780127577,-7.492385690832762
0,2,M2,1e-10,mem_heavy_precip_h1_z,0.0004802434211303997,-7.492385690832762
0,2,M2,1e-10,mem_heavy_precip_h3_z,0.009046897411393915,-7.492385690832762
0,2,M2,1e-10,mem_heavy_precip_h7_z,0.05686324367168058,-7.492385690832762
0,2,M2,1e-10,mem_heavy_precip_h14_z,-0.03500386336066949,-7.492385690832762
0,2,M2,1e-10,mem_heavy_precip_h28_z,-0.2544135401963695,-7.492385690832762
0,2,M2,1e-10,dow_1,-0.018156663135921233,-7.492385690832762
0,2,M2,1e-10,dow_2,-0.05470837880786717,-7.492385690832762
0,2,M2,1e-10,dow_3,-0.08383308157129815,-7.492385690832762
0,2,M2,1e-10,dow_4,-0.14061130386928564,-7.492385690832762
0,2,M2,1e-10,dow_5,0.003980621388069844,-7.492385690832762
0,2,M2,1e-10,dow_6,0.026341372914695415,-7.492385690832762
0,2,M2,1e-10,unit_10,0.02602741812142255,-7.492385690832762
0,2,M2,1e-10,unit_11,-0.041943766262977175,-7.492385690832762
0,2,M2,1e-10,unit_12,0.004226065589673779,-7.492385690832762
0,2,M2,1e-10,unit_13,-0.09956528977423075,-7.492385690832762
0,2,M2,1e-10,unit_14,0.1843008540332641,-7.492385690832762
0,2,M2,1e-10,unit_15,-0.12273387518975258,-7.492385690832762
0,2,M2,1e-10,unit_16,0.04437393307358351,-7.492385690832762
0,2,M2,1e-10,unit_2,-0.15938524881733854,-7.492385690832762
0,2,M2,1e-10,unit_3,0.003744912292601556,-7.492385690832762
0,2,M2,1e-10,unit_4,-0.20171591162668065,-7.492385690832762
0,2,M2,1e-10,unit_5,-0.20564891913865735,-7.492385690832762
0,2,M2,1e-10,unit_6,-0.026787950086282958,-7.492385690832762
0,2,M2,1e-10,unit_7,0.3092958831403494,-7.492385690832762
0,2,M2,1e-10,unit_8,0.39085478622130854,-7.492385690832762
0,2,M2,1e-10,unit_9,-0.3011578638202701,-7.492385690832762
0,3,M3,1e-10,sin1,-0.03457128713753272,-7.515305042442099
0,3,M3,1e-10,cos1,-0.21011602309399177,-7.515305042442099
0,3,M3,1e-10,sin2,0.09214813555896903,-7.515305042442099
0,3,M3,1e-10,cos2,-0.03489760411871541,-7.515305042442099
0,3,M3,1e-10,sin3,-0.013014974675980564,-7.515305042442099
0,3,M3,1e-10,cos3,-0.0183345467442319,-7.515305042442099
0,3,M3,1e-10,tmean_z,-0.0270832437703384,-7.515305042442099
0,3,M3,1e-10,heat_z,-0.010202279986394301,-7.515305042442099
0,3,M3,1e-10,cold_z,0.0032235345978113552,-7.515305042442099
0,3,M3,1e-10,precip_z,-0.0026954120608601215,-7.515305042442099
0,3,M3,1e-10,heavy_precip_z,-0.021531867140598657,-7.515305042442099
0,3,M3,1e-10,dewpoint_depression_z,0.03845471515189167,-7.515305042442099
0,3,M3,1e-10,vulnerability_index_z,-0.013120207400353402,-7.515305042442099
0,3,M3,1e-10,mem_heat_h1_z,-0.008592525581673997,-7.515305042442099
0,3,M3,1e-10,mem_heat_h3_z,0.0005446429581629781,-7.515305042442099
0,3,M3,1e-10,mem_heat_h7_z,-0.0321723695065583,-7.515305042442099
0,3,M3,1e-10,mem_heat_h14_z,0.06298182421226373,-7.515305042442099
0,3,M3,1e-10,mem_heat_h28_z,-0.06990988912072081,-7.515305042442099
0,3,M3,1e-10,mem_cold_h1_z,-0.01976520177653663,-7.515305042442099
0,3,M3,1e-10,mem_cold_h3_z,0.007717213470288554,-7.515305042442099
0,3,M3,1e-10,mem_cold_h7_z,-0.013091535625691944,-7.515305042442099
0,3,M3,1e-10,mem_cold_h14_z,-0.0007972890151221534,-7.515305042442099
0,3,M3,1e-10,mem_cold_h28_z,-0.013246450728866389,-7.515305042442099
0,3,M3,1e-10,mem_precip_h1_z,-0.0068049626734749576,-7.515305042442099
0,3,M3,1e-10,mem_precip_h3_z,-0.0009070221613737112,-7.515305042442099
0,3,M3,1e-10,mem_precip_h7_z,0.03920489320320604,-7.515305042442099
0,3,M3,1e-10,mem_precip_h14_z,0.030855540215222733,-7.515305042442099
0,3,M3,1e-10,mem_precip_h28_z,0.006733180506402044,-7.515305042442099
0,3,M3,1e-10,mem_heavy_precip_h1_z,0.0048767566853279345,-7.515305042442099
0,3,M3,1e-10,mem_heavy_precip_h3_z,0.0013648266105616847,-7.515305042442099
0,3,M3,1e-10,mem_heavy_precip_h7_z,0.02307987921669674,-7.515305042442099
0,3,M3,1e-10,mem_heavy_precip_h14_z,-0.02765872483189376,-7.515305042442099
0,3,M3,1e-10,mem_heavy_precip_h28_z,-0.09045494154808185,-7.515305042442099
0,3,M3,1e-10,mem_lag1_urgent_respiratory_total_h1_z,0.12983440957348535,-7.515305042442099
0,3,M3,1e-10,mem_lag1_urgent_respiratory_total_h3_z,0.021277766365313,-7.515305042442099
0,3,M3,1e-10,mem_lag1_urgent_respiratory_total_h7_z,-0.06477366883484514,-7.515305042442099
0,3,M3,1e-10,mem_lag1_urgent_respiratory_total_h14_z,0.0240591255758282,-7.515305042442099
0,3,M3,1e-10,mem_lag1_urgent_respiratory_total_h28_z,0.3318646632526977,-7.515305042442099
0,3,M3,1e-10,mem_lag1_respiratory_hospitalizations_h1_z,0.009818662016135257,-7.515305042442099
0,3,M3,1e-10,mem_lag1_respiratory_hospitalizations_h3_z,0.062415183826259296,-7.515305042442099
0,3,M3,1e-10,mem_lag1_respiratory_hospitalizations_h7_z,0.0291635548883156,-7.515305042442099
0,3,M3,1e-10,mem_lag1_respiratory_hospitalizations_h14_z,-0.05488526345811948,-7.515305042442099
0,3,M3,1e-10,mem_lag1_respiratory_hospitalizations_h28_z,-0.17617970609419062,-7.515305042442099
0,3,M3,1e-10,mem_lag1_respiratory_deaths_h1_z,0.006877943421630967,-7.515305042442099
0,3,M3,1e-10,mem_lag1_respiratory_deaths_h3_z,-0.110265551225603,-7.515305042442099
0,3,M3,1e-10,mem_lag1_respiratory_deaths_h7_z,-0.12033410859858817,-7.515305042442099
0,3,M3,1e-10,mem_lag1_respiratory_deaths_h14_z,-0.027526116710786242,-7.515305042442099
0,3,M3,1e-10,mem_lag1_respiratory_deaths_h28_z,0.005264740224873489,-7.515305042442099
0,3,M3,1e-10,dow_1,-0.024843876893636693,-7.515305042442099
0,3,M3,1e-10,dow_2,-0.05890298202545272,-7.515305042442099
0,3,M3,1e-10,dow_3,-0.07642239481071014,-7.515305042442099
0,3,M3,1e-10,dow_4,-0.12400863305069294,-7.515305042442099
0,3,M3,1e-10,dow_5,0.031853074677165465,-7.515305042442099
0,3,M3,1e-10,dow_6,0.03264430806778016,-7.515305042442099
0,3,M3,1e-10,unit_10,0.057088749060375185,-7.515305042442099
0,3,M3,1e-10,unit_11,0.004868481018750032,-7.515305042442099
0,3,M3,1e-10,unit_12,0.088886271471081,-7.515305042442099
0,3,M3,1e-10,unit_13,-0.31721761808795856,-7.515305042442099
0,3,M3,1e-10,unit_14,0.17624085799612124,-7.515305042442099
0,3,M3,1e-10,unit_15,-0.09007070153809515,-7.515305042442099
0,3,M3,1e-10,unit_16,0.019050770477292343,-7.515305042442099
0,3,M3,1e-10,unit_2,-0.12553282256612053,-7.515305042442099
0,3,M3,1e-10,unit_3,0.06567855865831285,-7.515305042442099
0,3,M3,1e-10,unit_4,-0.1286846210270104,-7.515305042442099
0,3,M3,1e-10,unit_5,-0.10649361354676985,-7.515305042442099
0,3,M3,1e-10,unit_6,-0.03415827946937579,-7.515305042442099
0,3,M3,1e-10,unit_7,0.2035151398363167,-7.515305042442099
0,3,M3,1e-10,unit_8,0.19365747381217122,-7.515305042442099
0,3,M3,1e-10,unit_9,-0.21959076326853486,-7.515305042442099
1,0,M0,1e-10,sin1,0.005423535297664343,-7.485026453173102
1,0,M0,1e-10,cos1,-0.3110015662162413,-7.485026453173102
1,0,M0,1e-10,sin2,-0.032711361623928105,-7.485026453173102
1,0,M0,1e-10,cos2,-0.03830777296489743,-7.485026453173102
1,0,M0,1e-10,sin3,0.07777698375599805,-7.485026453173102
1,0,M0,1e-10,cos3,0.026859070580860817,-7.485026453173102
1,0,M0,1e-10,dow_1,-0.014986355637384421,-7.485026453173102
1,0,M0,1e-10,dow_2,-0.05591456456959007,-7.485026453173102
1,0,M0,1e-10,dow_3,-0.08688457441236296,-7.485026453173102
1,0,M0,1e-10,dow_4,-0.141435904306488,-7.485026453173102
1,0,M0,1e-10,dow_5,-0.01769466845062083,-7.485026453173102
1,0,M0,1e-10,dow_6,0.0006065642208512034,-7.485026453173102
1,0,M0,1e-10,unit_10,0.10574966788653709,-7.485026453173102
1,0,M0,1e-10,unit_11,-0.0015896350349116017,-7.485026453173102
1,0,M0,1e-10,unit_12,0.09256238130592878,-7.485026453173102
1,0,M0,1e-10,unit_13,-0.18669230638372605,-7.485026453173102
1,0,M0,1e-10,unit_14,0.18979287085635957,-7.485026453173102
1,0,M0,1e-10,unit_15,-0.08603853369684171,-7.485026453173102
1,0,M0,1e-10,unit_16,-0.034006040566992475,-7.485026453173102
1,0,M0,1e-10,unit_2,-0.14705683078816675,-7.485026453173102
1,0,M0,1e-10,unit_3,0.07561390896455522,-7.485026453173102
1,0,M0,1e-10,unit_4,-0.1657741733986667,-7.485026453173102
1,0,M0,1e-10,unit_5,-0.2090439337108287,-7.485026453173102
1,0,M0,1e-10,unit_6,-0.07665746508261334,-7.485026453173102
1,0,M0,1e-10,unit_7,0.1904334826606031,-7.485026453173102
1,0,M0,1e-10,unit_8,0.32570029077572854,-7.485026453173102
1,0,M0,1e-10,unit_9,-0.31985877853169187,-7.485026453173102
1,1,M1,1e-10,sin1,0.04362203406340987,-7.472283321406615
1,1,M1,1e-10,cos1,-0.2575032542304864,-7.472283321406615
1,1,M1,1e-10,sin2,-0.022192939581591256,-7.472283321406615
1,1,M1,1e-10,cos2,-0.0302322994586322,-7.472283321406615
1,1,M1,1e-10,sin3,0.08009610344269037,-7.472283321406615
1,1,M1,1e-10,cos3,0.016619617075511482,-7.472283321406615
1,1,M1,1e-10,tmean_z,-0.1118519414746862,-7.472283321406615
1,1,M1,1e-10,heat_z,-0.010002912721629783,-7.472283321406615
1,1,M1,1e-10,cold_z,-0.02746115639069676,-7.472283321406615
1,1,M1,1e-10,precip_z,0.003952490530710035,-7.472283321406615
1,1,M1,1e-10,heavy_precip_z,-0.03753946902975802,-7.472283321406615
1,1,M1,1e-10,dewpoint_depression_z,0.0681302047541022,-7.472283321406615
1,1,M1,1e-10,vulnerability_index_z,-0.04749798282927213,-7.472283321406615
1,1,M1,1e-10,dow_1,-0.016876351602412902,-7.472283321406615
1,1,M1,1e-10,dow_2,-0.05610547304881399,-7.472283321406615
1,1,M1,1e-10,dow_3,-0.0882249054220594,-7.472283321406615
1,1,M1,1e-10,dow_4,-0.14346579041863136,-7.472283321406615
1,1,M1,1e-10,dow_5,-0.01654025522618941,-7.472283321406615
1,1,M1,1e-10,dow_6,-0.0015154940716106075,-7.472283321406615
1,1,M1,1e-10,unit_10,0.12918549833712242,-7.472283321406615
1,1,M1,1e-10,unit_11,-0.043331363918820066,-7.472283321406615
1,1,M1,1e-10,unit_12,0.01844483400115041,-7.472283321406615
1,1,M1,1e-10,unit_13,-0.24696227576768026,-7.472283321406615
1,1,M1,1e-10,unit_14,0.19610421118312088,-7.472283321406615
1,1,M1,1e-10,unit_15,-0.07657059363261878,-7.472283321406615
1,1,M1,1e-10,unit_16,-0.027806895686410482,-7.472283321406615
1,1,M1,1e-10,unit_2,-0.11750291295432554,-7.472283321406615
1,1,M1,1e-10,unit_3,0.01664945977234867,-7.472283321406615
1,1,M1,1e-10,unit_4,-0.1266397157506109,-7.472283321406615
1,1,M1,1e-10,unit_5,-0.1707000449464239,-7.472283321406615
1,1,M1,1e-10,unit_6,-0.07868524234926252,-7.472283321406615
1,1,M1,1e-10,unit_7,0.21538812658333334,-7.472283321406615
1,1,M1,1e-10,unit_8,0.35498873476318815,-7.472283321406615
1,1,M1,1e-10,unit_9,-0.29425237797815496,-7.472283321406615
1,2,M2,1e-10,sin1,0.04362044261159274,-7.476473351949042
1,2,M2,1e-10,cos1,-0.38171351250806124,-7.476473351949042
1,2,M2,1e-10,sin2,0.08942481624401762,-7.476473351949042
1,2,M2,1e-10,cos2,-0.04103945450046965,-7.476473351949042
1,2,M2,1e-10,sin3,0.021801233769867485,-7.476473351949042
1,2,M2,1e-10,cos3,-0.023741830860463383,-7.476473351949042
1,2,M2,1e-10,tmean_z,-0.1492816384123963,-7.476473351949042
1,2,M2,1e-10,heat_z,0.019549205350911338,-7.476473351949042
1,2,M2,1e-10,cold_z,-0.006241744636966351,-7.476473351949042
1,2,M2,1e-10,precip_z,0.010404201628550788,-7.476473351949042
1,2,M2,1e-10,heavy_precip_z,-0.021031919653449103,-7.476473351949042
1,2,M2,1e-10,dewpoint_depression_z,0.0691050879389804,-7.476473351949042
1,2,M2,1e-10,vulnerability_index_z,0.007939598739118895,-7.476473351949042
1,2,M2,1e-10,mem_heat_h1_z,-0.03582431466557691,-7.476473351949042
1,2,M2,1e-10,mem_heat_h3_z,-0.007761730731876461,-7.476473351949042
1,2,M2,1e-10,mem_heat_h7_z,0.09503203127812523,-7.476473351949042
1,2,M2,1e-10,mem_heat_h14_z,0.1380542960393756,-7.476473351949042
1,2,M2,1e-10,mem_heat_h28_z,-0.29815063378638634,-7.476473351949042
1,2,M2,1e-10,mem_cold_h1_z,-0.02075350843531215,-7.476473351949042
1,2,M2,1e-10,mem_cold_h3_z,-0.014121094320755112,-7.476473351949042
1,2,M2,1e-10,mem_cold_h7_z,0.0051516420385197435,-7.476473351949042
1,2,M2,1e-10,mem_cold_h14_z,0.02741088653027131,-7.476473351949042
1,2,M2,1e-10,mem_cold_h28_z,-0.0701046792780409,-7.476473351949042
1,2,M2,1e-10,mem_precip_h1_z,-0.0125390579264248,-7.476473351949042
1,2,M2,1e-10,mem_precip_h3_z,-0.020593752986168525,-7.476473351949042
1,2,M2,1e-10,mem_precip_h7_z,0.03240964772145696,-7.476473351949042
1,2,M2,1e-10,mem_precip_h14_z,0.04849570211177345,-7.476473351949042
1,2,M2,1e-10,mem_precip_h28_z,0.00510885707567256,-7.476473351949042
1,2,M2,1e-10,mem_heavy_precip_h1_z,0.0013983134515966353,-7.476473351949042
1,2,M2,1e-10,mem_heavy_precip_h3_z,0.008490995239551657,-7.476473351949042
1,2,M2,1e-10,mem_heavy_precip_h7_z,0.04923910285021454,-7.476473351949042
1,2,M2,1e-10,mem_heavy_precip_h14_z,-0.022911312244583787,-7.476473351949042
1,2,M2,1e-10,mem_heavy_precip_h28_z,-0.26114997165293224,-7.476473351949042
1,2,M2,1e-10,dow_1,-0.01755926448272465,-7.476473351949042
1,2,M2,1e-10,dow_2,-0.05479891076012711,-7.476473351949042
1,2,M2,1e-10,dow_3,-0.08610421968833099,-7.476473351949042
1,2,M2,1e-10,dow_4,-0.14178265222913503,-7.476473351949042
1,2,M2,1e-10,dow_5,-0.0162796068209189,-7.476473351949042
1,2,M2,1e-10,dow_6,0.0009493915709468191,-7.476473351949042
1,2,M2,1e-10,unit_10,0.03698291847735774,-7.476473351949042
1,2,M2,1e-10,unit_11,-0.04280179178072058,-7.476473351949042
1,2,M2,1e-10,unit_12,0.0029502423943032754,-7.476473351949042
1,2,M2,1e-10,unit_13,-0.13148689308822958,-7.476473351949042
1,2,M2,1e-10,unit_14,0.2113042196706552,-7.476473351949042
1,2,M2,1e-10,unit_15,-0.10836716698111082,-7.476473351949042
1,2,M2,1e-10,unit_16,0.06915380323002844,-7.476473351949042
1,2,M2,1e-10,unit_2,-0.17180851509669537,-7.476473351949042
1,2,M2,1e-10,unit_3,-0.03355363847971388,-7.476473351949042
1,2,M2,1e-10,unit_4,-0.23596979830189596,-7.476473351949042
1,2,M2,1e-10,unit_5,-0.23229785858613702,-7.476473351949042
1,2,M2,1e-10,unit_6,-0.023590874078361683,-7.476473351949042
1,2,M2,1e-10,unit_7,0.33282567952983927,-7.476473351949042
1,2,M2,1e-10,unit_8,0.39481295385954474,-7.476473351949042
1,2,M2,1e-10,unit_9,-0.2869003286709698,-7.476473351949042
1,3,M3,1e-10,sin1,-0.017028817222370984,-7.4986223430612835
1,3,M3,1e-10,cos1,-0.2160822455417159,-7.4986223430612835
1,3,M3,1e-10,sin2,0.09698270658873902,-7.4986223430612835
1,3,M3,1e-10,cos2,-0.024134074375995133,-7.4986223430612835
1,3,M3,1e-10,sin3,0.0026534035188626507,-7.4986223430612835
1,3,M3,1e-10,cos3,-0.011979867321851044,-7.4986223430612835
1,3,M3,1e-10,tmean_z,-0.01805685538338217,-7.4986223430612835
1,3,M3,1e-10,heat_z,0.0041236130022604236,-7.4986223430612835
1,3,M3,1e-10,cold_z,0.0028928609734948994,-7.4986223430612835
1,3,M3,1e-10,precip_z,-0.00608252528452732,-7.4986223430612835
1,3,M3,1e-10,heavy_precip_z,-0.02131065952126315,-7.4986223430612835
1,3,M3,1e-10,dewpoint_depression_z,0.03230736387655551,-7.4986223430612835
1,3,M3,1e-10,vulnerability_index_z,-0.0004844031314678583,-7.4986223430612835
1,3,M3,1e-10,mem_heat_h1_z,-0.032495731101294015,-7.4986223430612835
1,3,M3,1e-10,mem_heat_h3_z,0.0027530694305006507,-7.4986223430612835
1,3,M3,1e-10,mem_heat_h7_z,0.03659943403877561,-7.4986223430612835
1,3,M3,1e-10,mem_heat_h14_z,0.06374610370731104,-7.4986223430612835
1,3,M3,1e-10,mem_heat_h28_z,-0.1255731886791362,-7.4986223430612835
1,3,M3,1e-10,mem_cold_h1_z,-0.018906054134132655,-7.4986223430612835
1,3,M3,1e-10,mem_cold_h3_z,0.0038862843677625737,-7.4986223430612835
1,3,M3,1e-10,mem_cold_h7_z,-0.008898670836476663,-7.4986223430612835
1,3,M3,1e-10,mem_cold_h14_z,0.008879845452316697,-7.4986223430612835
1,3,M3,1e-10,mem_cold_h28_z,-0.02359327409875058,-7.4986223430612835
1,3,M3,1e-10,mem_precip_h1_z,-0.005441134036730296,-7.4986223430612835
1,3,M3,1e-10,mem_precip_h3_z,0.005730178508258997,-7.4986223430612835
1,3,M3,1e-10,mem_precip_h7_z,0.03324650529308645,-7.4986223430612835
1,3,M3,1e-10,mem_precip_h14_z,0.030423677289364348,-7.4986223430612835
1,3,M3,1e-10,mem_precip_h28_z,0.003385694934747059,-7.4986223430612835
1,3,M3,1e-10,mem_heavy_precip_h1_z,0.005702964347041146,-7.4986223430612835
1,3,M3,1e-10,mem_heavy_precip_h3_z,0.0039784862584548554,-7.4986223430612835
1,3,M3,1e-10,mem_heavy_precip_h7_z,0.007981888002370315,-7.4986223430612835
1,3,M3,1e-10,mem_heavy_precip_h14_z,-0.027541757426463725,-7.4986223430612835
1,3,M3,1e-10,mem_heavy_precip_h28_z,-0.08725171771439386,-7.4986223430612835
1,3,M3,1e-10,mem_lag1_urgent_respiratory_total_h1_z,0.10424535396203659,-7.4986223430612835
1,3,M3,1e-10,mem_lag1_urgent_respiratory_total_h3_z,0.01917251702079794,-7.4986223430612835
1,3,M3,1e-10,mem_lag1_urgent_respiratory_total_h7_z,-0.043908534088277724,-7.4986223430612835
1,3,M3,1e-10,mem_lag1_urgent_respiratory_total_h14_z,0.038180344826176896,-7.4986223430612835
1,3,M3,1e-10,mem_lag1_urgent_respiratory_total_h28_z,0.32454600343334833,-7.4986223430612835
1,3,M3,1e-10,mem_lag1_respiratory_hospitalizations_h1_z,0.0014221976250408082,-7.4986223430612835
1,3,M3,1e-10,mem_lag1_respiratory_hospitalizations_h3_z,0.06499123192444049,-7.4986223430612835
1,3,M3,1e-10,mem_lag1_respiratory_hospitalizations_h7_z,0.027963928268579564,-7.4986223430612835
1,3,M3,1e-10,mem_lag1_respiratory_hospitalizations_h14_z,-0.05970208553105031,-7.4986223430612835
1,3,M3,1e-10,mem_lag1_respiratory_hospitalizations_h28_z,-0.1549126519626599,-7.4986223430612835
1,3,M3,1e-10,mem_lag1_respiratory_deaths_h1_z,0.0012862980776706917,-7.4986223430612835
1,3,M3,1e-10,mem_lag1_respiratory_deaths_h3_z,-0.09943019278351584,-7.4986223430612835
1,3,M3,1e-10,mem_lag1_respiratory_deaths_h7_z,-0.11998578189654746,-7.4986223430612835
1,3,M3,1e-10,mem_lag1_respiratory_deaths_h14_z,-0.04711253634770607,-7.4986223430612835
1,3,M3,1e-10,mem_lag1_respiratory_deaths_h28_z,0.009305725508216798,-7.4986223430612835
1,3,M3,1e-10,dow_1,-0.02462550761742493,-7.4986223430612835
1,3,M3,1e-10,dow_2,-0.059059369338038924,-7.4986223430612835
1,3,M3,1e-10,dow_3,-0.0791500409752186,-7.4986223430612835
1,3,M3,1e-10,dow_4,-0.1264111240847309,-7.4986223430612835
1,3,M3,1e-10,dow_5,0.008012451180958734,-7.4986223430612835
1,3,M3,1e-10,dow_6,0.006771897439644198,-7.4986223430612835
1,3,M3,1e-10,unit_10,0.04723690873143669,-7.4986223430612835
1,3,M3,1e-10,unit_11,0.006360003138531991,-7.4986223430612835
1,3,M3,1e-10,unit_12,0.09207567692360392,-7.4986223430612835
1,3,M3,1e-10,unit_13,-0.3275826436939625,-7.4986223430612835
1,3,M3,1e-10,unit_14,0.19164440104684877,-7.4986223430612835
1,3,M3,1e-10,unit_15,-0.0864843787132716,-7.4986223430612835
1,3,M3,1e-10,unit_16,0.03848845608593739,-7.4986223430612835
1,3,M3,1e-10,unit_2,-0.13630628279379325,-7.4986223430612835
1,3,M3,1e-10,unit_3,0.038284714420256986,-7.4986223430612835
1,3,M3,1e-10,unit_4,-0.15362063810684776,-7.4986223430612835
1,3,M3,1e-10,unit_5,-0.12971528616756453,-7.4986223430612835
1,3,M3,1e-10,unit_6,-0.010886916817775722,-7.4986223430612835
1,3,M3,1e-10,unit_7,0.2187626761260773,-7.4986223430612835
1,3,M3,1e-10,unit_8,0.18626330697283555,-7.4986223430612835
1,3,M3,1e-10,unit_9,-0.19889162112314757,-7.4986223430612835
