dataset,variable,normalized_name,role,dtype,nonmissing_n,missing_n,unique_n,description,minimum,maximum
historical_panel_2019_2024,unit,unit,key,str,35072,0,16,Canonical regional analysis-unit identifier.,,
historical_panel_2019_2024,date,date,key,datetime64[us],35072,0,2192,Calendar date.,,
historical_panel_2019_2024,age_65_plus,age_65_plus,other,float64,35072,0,16,Derived or source variable; see METHODS_FREEZE.md and SOURCE_PROVENANCE.csv.,0.12196876284422524,0.20048977853492334
historical_panel_2019_2024,d2m,d2m,other,float64,35072,0,35029,Derived or source variable; see METHODS_FREEZE.md and SOURCE_PROVENANCE.csv.,-19.885730743408203,20.492219924926758
historical_panel_2019_2024,ind_cal_glob_vuln,ind_cal_glob_vuln,other,float64,35072,0,1,Derived or source variable; see METHODS_FREEZE.md and SOURCE_PROVENANCE.csv.,1.0,1.0
historical_panel_2019_2024,ind_estado_vuln,ind_estado_vuln,other,float64,35072,0,16,Derived or source variable; see METHODS_FREEZE.md and SOURCE_PROVENANCE.csv.,0.19976635514018692,0.38160515524311656
historical_panel_2019_2024,ind_hacina_vuln,ind_hacina_vuln,other,float64,35072,0,12,Derived or source variable; see METHODS_FREEZE.md and SOURCE_PROVENANCE.csv.,0.998945518453427,1.0
historical_panel_2019_2024,ind_mat_vuln,ind_mat_vuln,other,float64,35072,0,1,Derived or source variable; see METHODS_FREEZE.md and SOURCE_PROVENANCE.csv.,1.0,1.0
historical_panel_2019_2024,ind_san_vuln,ind_san_vuln,other,float64,35072,0,1,Derived or source variable; see METHODS_FREEZE.md and SOURCE_PROVENANCE.csv.,1.0,1.0
historical_panel_2019_2024,log_population,log_population,other,float64,35072,0,96,Derived or source variable; see METHODS_FREEZE.md and SOURCE_PROVENANCE.csv.,11.577588978295951,15.946206962043162
historical_panel_2019_2024,population,population,exposure,int64,35072,0,96,Population exposure used for rate-model fitting and count restoration.,106680.0,8420729.0
historical_panel_2019_2024,precip,precip,other,float64,35072,0,8778,Derived or source variable; see METHODS_FREEZE.md and SOURCE_PROVENANCE.csv.,0.0,102.0956039428711
historical_panel_2019_2024,rural,rural,other,float64,35072,0,16,Derived or source variable; see METHODS_FREEZE.md and SOURCE_PROVENANCE.csv.,0.054665022605836416,0.3120979456318738
historical_panel_2019_2024,tmax,tmax,other,float64,35072,0,29504,Derived or source variable; see METHODS_FREEZE.md and SOURCE_PROVENANCE.csv.,-4.802337646484375,38.859771728515625
historical_panel_2019_2024,tmean,tmean,other,float64,35072,0,34874,Derived or source variable; see METHODS_FREEZE.md and SOURCE_PROVENANCE.csv.,-11.803532600402832,27.72515296936035
historical_panel_2019_2024,tmin,tmin,other,float64,35072,0,30413,Derived or source variable; see METHODS_FREEZE.md and SOURCE_PROVENANCE.csv.,-20.342071533203125,22.264556884765625
historical_panel_2019_2024,vulnerability_index,vulnerability_index,other,float64,35072,0,16,Derived or source variable; see METHODS_FREEZE.md and SOURCE_PROVENANCE.csv.,-0.6231045823167687,0.3876360430359162
historical_panel_2019_2024,urgent_respiratory_total,urgent_respiratory_total,health_outcome,float64,35072,0,4206,Daily aggregate urgent respiratory-care count.,5.0,12537.0
historical_panel_2019_2024,respiratory_hospitalizations,respiratory_hospitalizations,health_outcome_or_memory,float64,35072,0,342,Derived or source variable; see METHODS_FREEZE.md and SOURCE_PROVENANCE.csv.,0.0,377.0
historical_panel_2019_2024,respiratory_deaths,respiratory_deaths,health_outcome_or_memory,float64,35072,0,42,Derived or source variable; see METHODS_FREEZE.md and SOURCE_PROVENANCE.csv.,0.0,41.0
historical_panel_2019_2024,in_hospital_respiratory_deaths,in_hospital_respiratory_deaths,health_outcome_or_memory,float64,35072,0,84,Derived or source variable; see METHODS_FREEZE.md and SOURCE_PROVENANCE.csv.,0.0,120.0
historical_panel_2019_2024,lag14_respiratory_deaths,lag14_respiratory_deaths,health_outcome_or_memory,float64,35072,0,42,Derived or source variable; see METHODS_FREEZE.md and SOURCE_PROVENANCE.csv.,0.0,41.0
historical_panel_2019_2024,lag1_respiratory_deaths,lag1_respiratory_deaths,health_outcome_or_memory,float64,35072,0,42,Derived or source variable; see METHODS_FREEZE.md and SOURCE_PROVENANCE.csv.,0.0,41.0
historical_panel_2019_2024,lag7_respiratory_deaths,lag7_respiratory_deaths,health_outcome_or_memory,float64,35072,0,42,Derived or source variable; see METHODS_FREEZE.md and SOURCE_PROVENANCE.csv.,0.0,41.0
historical_panel_2019_2024,lag14_respiratory_hospitalizations,lag14_respiratory_hospitalizations,health_outcome_or_memory,float64,35072,0,342,Derived or source variable; see METHODS_FREEZE.md and SOURCE_PROVENANCE.csv.,0.0,377.0
historical_panel_2019_2024,lag1_respiratory_hospitalizations,lag1_respiratory_hospitalizations,health_outcome_or_memory,float64,35072,0,342,Derived or source variable; see METHODS_FREEZE.md and SOURCE_PROVENANCE.csv.,0.0,377.0
historical_panel_2019_2024,lag7_respiratory_hospitalizations,lag7_respiratory_hospitalizations,health_outcome_or_memory,float64,35072,0,342,Derived or source variable; see METHODS_FREEZE.md and SOURCE_PROVENANCE.csv.,0.0,377.0
historical_panel_2019_2024,lag14_urgent_respiratory_total,lag14_urgent_respiratory_total,other,float64,35072,0,4199,Derived or source variable; see METHODS_FREEZE.md and SOURCE_PROVENANCE.csv.,0.0,12537.0
historical_panel_2019_2024,lag1_urgent_respiratory_total,lag1_urgent_respiratory_total,other,float64,35072,0,4207,Derived or source variable; see METHODS_FREEZE.md and SOURCE_PROVENANCE.csv.,0.0,12537.0
historical_panel_2019_2024,lag7_urgent_respiratory_total,lag7_urgent_respiratory_total,other,float64,35072,0,4203,Derived or source variable; see METHODS_FREEZE.md and SOURCE_PROVENANCE.csv.,0.0,12537.0
historical_panel_2019_2024,mem_lag1_respiratory_deaths_h1,mem_lag1_respiratory_deaths_h1,health_outcome_or_memory,float64,35072,0,34992,Derived or source variable; see METHODS_FREEZE.md and SOURCE_PROVENANCE.csv.,0.0,74.5750970770402
historical_panel_2019_2024,mem_lag1_respiratory_deaths_h14,mem_lag1_respiratory_deaths_h14,health_outcome_or_memory,float64,35072,0,35012,Derived or source variable; see METHODS_FREEZE.md and SOURCE_PROVENANCE.csv.,0.0,552.8531786514545
historical_panel_2019_2024,mem_lag1_respiratory_deaths_h28,mem_lag1_respiratory_deaths_h28,health_outcome_or_memory,float64,35072,0,35012,Derived or source variable; see METHODS_FREEZE.md and SOURCE_PROVENANCE.csv.,0.0,1005.8842072413267
historical_panel_2019_2024,mem_lag1_respiratory_deaths_h3,mem_lag1_respiratory_deaths_h3,health_outcome_or_memory,float64,35072,0,35011,Derived or source variable; see METHODS_FREEZE.md and SOURCE_PROVENANCE.csv.,0.0,155.59923784532862
historical_panel_2019_2024,mem_lag1_respiratory_deaths_h7,mem_lag1_respiratory_deaths_h7,health_outcome_or_memory,float64,35072,0,35012,Derived or source variable; see METHODS_FREEZE.md and SOURCE_PROVENANCE.csv.,0.0,309.16334507518667
historical_panel_2019_2024,mem_lag1_respiratory_hospitalizations_h1,mem_lag1_respiratory_hospitalizations_h1,health_outcome_or_memory,float64,35072,0,35040,Derived or source variable; see METHODS_FREEZE.md and SOURCE_PROVENANCE.csv.,0.0,711.0372914885609
historical_panel_2019_2024,mem_lag1_respiratory_hospitalizations_h14,mem_lag1_respiratory_hospitalizations_h14,health_outcome_or_memory,float64,35072,0,35053,Derived or source variable; see METHODS_FREEZE.md and SOURCE_PROVENANCE.csv.,0.0,6203.001367007375
historical_panel_2019_2024,mem_lag1_respiratory_hospitalizations_h28,mem_lag1_respiratory_hospitalizations_h28,health_outcome_or_memory,float64,35072,0,35053,Derived or source variable; see METHODS_FREEZE.md and SOURCE_PROVENANCE.csv.,0.0,10958.676673394366
historical_panel_2019_2024,mem_lag1_respiratory_hospitalizations_h3,mem_lag1_respiratory_hospitalizations_h3,health_outcome_or_memory,float64,35072,0,35053,Derived or source variable; see METHODS_FREEZE.md and SOURCE_PROVENANCE.csv.,0.0,1644.051481919891
historical_panel_2019_2024,mem_lag1_respiratory_hospitalizations_h7,mem_lag1_respiratory_hospitalizations_h7,health_outcome_or_memory,float64,35072,0,35053,Derived or source variable; see METHODS_FREEZE.md and SOURCE_PROVENANCE.csv.,0.0,3393.640610404914
historical_panel_2019_2024,mem_lag1_urgent_respiratory_total_h1,mem_lag1_urgent_respiratory_total_h1,health_memory_feature,float64,35072,0,35056,Derived or source variable; see METHODS_FREEZE.md and SOURCE_PROVENANCE.csv.,0.0,22232.54373675071
historical_panel_2019_2024,mem_lag1_urgent_respiratory_total_h14,mem_lag1_urgent_respiratory_total_h14,health_memory_feature,float64,35072,0,35056,Derived or source variable; see METHODS_FREEZE.md and SOURCE_PROVENANCE.csv.,0.0,185030.01051961086
historical_panel_2019_2024,mem_lag1_urgent_respiratory_total_h28,mem_lag1_urgent_respiratory_total_h28,health_memory_feature,float64,35072,0,35056,Derived or source variable; see METHODS_FREEZE.md and SOURCE_PROVENANCE.csv.,0.0,328455.38196273934
historical_panel_2019_2024,mem_lag1_urgent_respiratory_total_h3,mem_lag1_urgent_respiratory_total_h3,health_memory_feature,float64,35072,0,35056,Derived or source variable; see METHODS_FREEZE.md and SOURCE_PROVENANCE.csv.,0.0,50279.3943748732
historical_panel_2019_2024,mem_lag1_urgent_respiratory_total_h7,mem_lag1_urgent_respiratory_total_h7,health_memory_feature,float64,35072,0,35056,Derived or source variable; see METHODS_FREEZE.md and SOURCE_PROVENANCE.csv.,0.0,102246.3690874752
historical_panel_2019_2024,mem_lag1_respiratory_deaths_h14_z,mem_lag1_respiratory_deaths_h14_z,health_outcome_or_memory,float64,35072,0,35012,Derived or source variable; see METHODS_FREEZE.md and SOURCE_PROVENANCE.csv.,-0.6220417348188388,6.880654465051317
historical_panel_2019_2024,mem_lag1_respiratory_deaths_h1_z,mem_lag1_respiratory_deaths_h1_z,health_outcome_or_memory,float64,35072,0,34989,Derived or source variable; see METHODS_FREEZE.md and SOURCE_PROVENANCE.csv.,-0.604396394778817,9.487184488285624
historical_panel_2019_2024,mem_lag1_respiratory_deaths_h28_z,mem_lag1_respiratory_deaths_h28_z,health_outcome_or_memory,float64,35072,0,35012,Derived or source variable; see METHODS_FREEZE.md and SOURCE_PROVENANCE.csv.,-0.6242982024962505,6.383101455201544
historical_panel_2019_2024,mem_lag1_respiratory_deaths_h3_z,mem_lag1_respiratory_deaths_h3_z,health_outcome_or_memory,float64,35072,0,35011,Derived or source variable; see METHODS_FREEZE.md and SOURCE_PROVENANCE.csv.,-0.6156946755116356,8.245076799172883
historical_panel_2019_2024,mem_lag1_respiratory_deaths_h7_z,mem_lag1_respiratory_deaths_h7_z,health_outcome_or_memory,float64,35072,0,35012,Derived or source variable; see METHODS_FREEZE.md and SOURCE_PROVENANCE.csv.,-0.6196438615488499,7.498633139769842
historical_panel_2019_2024,mem_lag1_respiratory_hospitalizations_h14_z,mem_lag1_respiratory_hospitalizations_h14_z,health_outcome_or_memory,float64,35072,0,35053,Derived or source variable; see METHODS_FREEZE.md and SOURCE_PROVENANCE.csv.,-0.6786705076608047,6.601981410866234
historical_panel_2019_2024,mem_lag1_respiratory_hospitalizations_h1_z,mem_lag1_respiratory_hospitalizations_h1_z,health_outcome_or_memory,float64,35072,0,35040,Derived or source variable; see METHODS_FREEZE.md and SOURCE_PROVENANCE.csv.,-0.6708999418931695,7.8047867403855316
historical_panel_2019_2024,mem_lag1_respiratory_hospitalizations_h28_z,mem_lag1_respiratory_hospitalizations_h28_z,health_outcome_or_memory,float64,35072,0,35053,Derived or source variable; see METHODS_FREEZE.md and SOURCE_PROVENANCE.csv.,-0.6815213656815293,5.927645090482858
historical_panel_2019_2024,mem_lag1_respiratory_hospitalizations_h3_z,mem_lag1_respiratory_hospitalizations_h3_z,health_outcome_or_memory,float64,35072,0,35053,Derived or source variable; see METHODS_FREEZE.md and SOURCE_PROVENANCE.csv.,-0.6750674824766539,7.46679677404793
historical_panel_2019_2024,mem_lag1_respiratory_hospitalizations_h7_z,mem_lag1_respiratory_hospitalizations_h7_z,health_outcome_or_memory,float64,35072,0,35053,Derived or source variable; see METHODS_FREEZE.md and SOURCE_PROVENANCE.csv.,-0.6767447408038355,7.03902842687397
historical_panel_2019_2024,mem_lag1_urgent_respiratory_total_h14_z,mem_lag1_urgent_respiratory_total_h14_z,health_memory_feature,float64,35072,0,35056,Derived or source variable; see METHODS_FREEZE.md and SOURCE_PROVENANCE.csv.,-0.70450165412835,6.837249278530547
historical_panel_2019_2024,mem_lag1_urgent_respiratory_total_h1_z,mem_lag1_urgent_respiratory_total_h1_z,health_memory_feature,float64,35072,0,35056,Derived or source variable; see METHODS_FREEZE.md and SOURCE_PROVENANCE.csv.,-0.6863340187693653,8.371361044986152
historical_panel_2019_2024,mem_lag1_urgent_respiratory_total_h28_z,mem_lag1_urgent_respiratory_total_h28_z,health_memory_feature,float64,35072,0,35056,Derived or source variable; see METHODS_FREEZE.md and SOURCE_PROVENANCE.csv.,-0.7144886063537644,6.236970771024243
historical_panel_2019_2024,mem_lag1_urgent_respiratory_total_h3_z,mem_lag1_urgent_respiratory_total_h3_z,health_memory_feature,float64,35072,0,35056,Derived or source variable; see METHODS_FREEZE.md and SOURCE_PROVENANCE.csv.,-0.6903647012538512,7.820182211652964
historical_panel_2019_2024,mem_lag1_urgent_respiratory_total_h7_z,mem_lag1_urgent_respiratory_total_h7_z,health_memory_feature,float64,35072,0,35056,Derived or source variable; see METHODS_FREEZE.md and SOURCE_PROVENANCE.csv.,-0.6962635452892778,7.300545400639735
historical_panel_2019_2024,in_hospital_respiratory_deaths_rate100k,in_hospital_respiratory_deaths_rate100k,health_outcome_or_memory,float64,35072,0,895,Derived or source variable; see METHODS_FREEZE.md and SOURCE_PROVENANCE.csv.,0.0,3.3342780454462098
historical_panel_2019_2024,respiratory_deaths_rate100k,respiratory_deaths_rate100k,health_outcome_or_memory,float64,35072,0,684,Derived or source variable; see METHODS_FREEZE.md and SOURCE_PROVENANCE.csv.,0.0,2.7959775203407364
historical_panel_2019_2024,respiratory_hospitalizations_rate100k,respiratory_hospitalizations_rate100k,health_outcome_or_memory,float64,35072,0,3654,Derived or source variable; see METHODS_FREEZE.md and SOURCE_PROVENANCE.csv.,0.0,12.92633833767289
historical_panel_2019_2024,urgent_respiratory_total_rate100k,urgent_respiratory_total_rate100k,other,float64,35072,0,24115,Derived or source variable; see METHODS_FREEZE.md and SOURCE_PROVENANCE.csv.,4.659962533901227,491.68529406882027
historical_panel_2019_2024,canonical_full_feature_panel_version,canonical_full_feature_panel_version,other,str,35072,0,1,Derived or source variable; see METHODS_FREEZE.md and SOURCE_PROVENANCE.csv.,,
historical_panel_2019_2024,health_blind_feature_count,health_blind_feature_count,other,int64,35072,0,1,Derived or source variable; see METHODS_FREEZE.md and SOURCE_PROVENANCE.csv.,15.0,15.0
historical_panel_2019_2024,health_root_count,health_root_count,other,int64,35072,0,1,Derived or source variable; see METHODS_FREEZE.md and SOURCE_PROVENANCE.csv.,4.0,4.0
historical_panel_2019_2024,health_derived_feature_count,health_derived_feature_count,other,int64,35072,0,1,Derived or source variable; see METHODS_FREEZE.md and SOURCE_PROVENANCE.csv.,43.0,43.0
historical_panel_2019_2024,scientific_feature_count,scientific_feature_count,other,int64,35072,0,1,Derived or source variable; see METHODS_FREEZE.md and SOURCE_PROVENANCE.csv.,62.0,62.0
historical_panel_2019_2024,b7b15a_schema_selection_basis,b7b15a_schema_selection_basis,other,str,35072,0,1,Derived or source variable; see METHODS_FREEZE.md and SOURCE_PROVENANCE.csv.,,
historical_panel_2019_2024,legacy_health_values_propagated,legacy_health_values_propagated,other,bool,35072,0,1,Derived or source variable; see METHODS_FREEZE.md and SOURCE_PROVENANCE.csv.,0.0,0.0
historical_panel_2019_2024,model_fitted,model_fitted,other,bool,35072,0,1,Derived or source variable; see METHODS_FREEZE.md and SOURCE_PROVENANCE.csv.,0.0,0.0
historical_panel_2019_2024,ews_fitted,ews_fitted,other,bool,35072,0,1,Derived or source variable; see METHODS_FREEZE.md and SOURCE_PROVENANCE.csv.,0.0,0.0
historical_panel_2019_2024,health_2025_used,health_2025_used,other,bool,35072,0,1,Derived or source variable; see METHODS_FREEZE.md and SOURCE_PROVENANCE.csv.,0.0,0.0
external_design_2025,date,date,key,datetime64[us],4015,0,365,Calendar date.,,
external_design_2025,unit,unit,key,str,4015,0,11,Canonical regional analysis-unit identifier.,,
external_design_2025,region_code,region_code,other,int64,4015,0,11,Derived or source variable; see METHODS_FREEZE.md and SOURCE_PROVENANCE.csv.,2.0,14.0
external_design_2025,sin1,sin1,calendar_or_nuisance,float64,4015,0,365,Derived or source variable; see METHODS_FREEZE.md and SOURCE_PROVENANCE.csv.,-0.9999994220246925,0.9999855506507186
external_design_2025,cos1,cos1,calendar_or_nuisance,float64,4015,0,365,Derived or source variable; see METHODS_FREEZE.md and SOURCE_PROVENANCE.csv.,-0.9999791929590823,0.9999907524084426
external_design_2025,sin2,sin2,calendar_or_nuisance,float64,4015,0,365,Derived or source variable; see METHODS_FREEZE.md and SOURCE_PROVENANCE.csv.,-0.9999994220246925,0.999953184360873
external_design_2025,cos2,cos2,calendar_or_nuisance,float64,4015,0,365,Derived or source variable; see METHODS_FREEZE.md and SOURCE_PROVENANCE.csv.,-0.9999976880994382,0.9999630098048061
external_design_2025,sin3,sin3,calendar_or_nuisance,float64,4015,0,365,Derived or source variable; see METHODS_FREEZE.md and SOURCE_PROVENANCE.csv.,-0.9999947982262414,0.9999947982262414
external_design_2025,cos3,cos3,calendar_or_nuisance,float64,4015,0,358,Derived or source variable; see METHODS_FREEZE.md and SOURCE_PROVENANCE.csv.,-0.9999791929590823,0.9999167727021953
external_design_2025,tmean_z,tmean_z,standardized_predictor,float64,4015,0,4011,Standardized mean-temperature indicator.,-5.064831120266097,2.2473874118852595
external_design_2025,heat_z,heat_z,standardized_predictor,float64,4015,0,480,Standardized heat exposure indicator.,-0.23751941259021592,10.501371375769907
external_design_2025,cold_z,cold_z,standardized_predictor,float64,4015,0,309,Standardized cold exposure indicator.,-0.22792468931450477,22.688167937242156
external_design_2025,precip_z,precip_z,standardized_predictor,float64,4015,0,1483,Standardized precipitation indicator.,-0.34042958772350257,11.471051314755433
external_design_2025,heavy_precip_z,heavy_precip_z,standardized_predictor,float64,4015,0,389,Standardized heavy-precipitation indicator.,-0.18048807557906307,16.349463714660438
external_design_2025,dewpoint_depression_z,dewpoint_depression_z,standardized_predictor,float64,4015,0,4015,Standardized dew-point depression indicator.,-1.2773788287281334,6.042209031938047
external_design_2025,vulnerability_index_z,vulnerability_index_z,standardized_predictor,float64,4015,0,11,Standardized vulnerability index.,-1.0194469359774363,1.2725873649002823
external_design_2025,mem_heat_h1_z,mem_heat_h1_z,environmental_memory_feature,float64,4015,0,1732,Derived or source variable; see METHODS_FREEZE.md and SOURCE_PROVENANCE.csv.,-0.2887079953850458,9.249295182578352
external_design_2025,mem_heat_h3_z,mem_heat_h3_z,environmental_memory_feature,float64,4015,0,2769,Derived or source variable; see METHODS_FREEZE.md and SOURCE_PROVENANCE.csv.,-0.35304179223661586,6.525560531306884
external_design_2025,mem_heat_h7_z,mem_heat_h7_z,environmental_memory_feature,float64,4015,0,3993,Derived or source variable; see METHODS_FREEZE.md and SOURCE_PROVENANCE.csv.,-0.41490892595672296,4.709086774200254
external_design_2025,mem_heat_h14_z,mem_heat_h14_z,environmental_memory_feature,float64,4015,0,3993,Derived or source variable; see METHODS_FREEZE.md and SOURCE_PROVENANCE.csv.,-0.488336037452998,4.2961927937325886
external_design_2025,mem_heat_h28_z,mem_heat_h28_z,environmental_memory_feature,float64,4015,0,3993,Derived or source variable; see METHODS_FREEZE.md and SOURCE_PROVENANCE.csv.,-0.6188564975679739,3.7136828957648538
external_design_2025,mem_cold_h1_z,mem_cold_h1_z,environmental_memory_feature,float64,4015,0,1567,Derived or source variable; see METHODS_FREEZE.md and SOURCE_PROVENANCE.csv.,-0.2745648304578516,23.181452809120717
external_design_2025,mem_cold_h3_z,mem_cold_h3_z,environmental_memory_feature,float64,4015,0,2376,Derived or source variable; see METHODS_FREEZE.md and SOURCE_PROVENANCE.csv.,-0.3401990730885877,16.614928230918924
external_design_2025,mem_cold_h7_z,mem_cold_h7_z,environmental_memory_feature,float64,4015,0,2376,Derived or source variable; see METHODS_FREEZE.md and SOURCE_PROVENANCE.csv.,-0.4089866370162888,10.72320624441873
external_design_2025,mem_cold_h14_z,mem_cold_h14_z,environmental_memory_feature,float64,4015,0,2376,Derived or source variable; see METHODS_FREEZE.md and SOURCE_PROVENANCE.csv.,-0.4826200031107538,6.947574097733214
external_design_2025,mem_cold_h28_z,mem_cold_h28_z,environmental_memory_feature,float64,4015,0,2376,Derived or source variable; see METHODS_FREEZE.md and SOURCE_PROVENANCE.csv.,-0.5978180869104002,5.577928132268031
external_design_2025,mem_precip_h1_z,mem_precip_h1_z,environmental_memory_feature,float64,4015,0,3911,Derived or source variable; see METHODS_FREEZE.md and SOURCE_PROVENANCE.csv.,-0.46048248146421084,9.04456214686807
external_design_2025,mem_precip_h3_z,mem_precip_h3_z,environmental_memory_feature,float64,4015,0,3985,Derived or source variable; see METHODS_FREEZE.md and SOURCE_PROVENANCE.csv.,-0.6001313280190468,7.2123679337786655
external_design_2025,mem_precip_h7_z,mem_precip_h7_z,environmental_memory_feature,float64,4015,0,3989,Derived or source variable; see METHODS_FREEZE.md and SOURCE_PROVENANCE.csv.,-0.7122395978091435,5.215722926074021
external_design_2025,mem_precip_h14_z,mem_precip_h14_z,environmental_memory_feature,float64,4015,0,3993,Derived or source variable; see METHODS_FREEZE.md and SOURCE_PROVENANCE.csv.,-0.7960687015643164,3.80914334189894
external_design_2025,mem_precip_h28_z,mem_precip_h28_z,environmental_memory_feature,float64,4015,0,3993,Derived or source variable; see METHODS_FREEZE.md and SOURCE_PROVENANCE.csv.,-0.8863453280025033,3.1878960154510696
external_design_2025,mem_heavy_precip_h1_z,mem_heavy_precip_h1_z,environmental_memory_feature,float64,4015,0,3101,Derived or source variable; see METHODS_FREEZE.md and SOURCE_PROVENANCE.csv.,-0.2651620722001931,12.453977327623662
external_design_2025,mem_heavy_precip_h3_z,mem_heavy_precip_h3_z,environmental_memory_feature,float64,4015,0,3323,Derived or source variable; see METHODS_FREEZE.md and SOURCE_PROVENANCE.csv.,-0.3762199350409263,8.100073159570723
external_design_2025,mem_heavy_precip_h7_z,mem_heavy_precip_h7_z,environmental_memory_feature,float64,4015,0,3323,Derived or source variable; see METHODS_FREEZE.md and SOURCE_PROVENANCE.csv.,-0.483333220709276,6.001634496096694
external_design_2025,mem_heavy_precip_h14_z,mem_heavy_precip_h14_z,environmental_memory_feature,float64,4015,0,3323,Derived or source variable; see METHODS_FREEZE.md and SOURCE_PROVENANCE.csv.,-0.579736461781159,4.185035348901065
external_design_2025,mem_heavy_precip_h28_z,mem_heavy_precip_h28_z,environmental_memory_feature,float64,4015,0,3323,Derived or source variable; see METHODS_FREEZE.md and SOURCE_PROVENANCE.csv.,-0.6985091336371869,2.759959400820361
external_population_2025,date,date,key,datetime64[us],4015,0,365,Calendar date.,,
external_population_2025,unit,unit,key,str,4015,0,11,Canonical regional analysis-unit identifier.,,
external_population_2025,region_code,region_code,other,int64,4015,0,11,Derived or source variable; see METHODS_FREEZE.md and SOURCE_PROVENANCE.csv.,2.0,14.0
external_population_2025,population,population,exposure,Int64,4015,0,11,Population exposure used for rate-model fitting and count restoration.,108744.0,8471244.0
external_sadu_2025,date,date,key,datetime64[us],4015,0,365,Calendar date.,,
external_sadu_2025,unit,unit,key,str,4015,0,11,Canonical regional analysis-unit identifier.,,
external_sadu_2025,urgent_respiratory_total,urgent_respiratory_total,health_outcome,int64,4015,0,1911,Daily aggregate urgent respiratory-care count.,17.0,7642.0
external_predictions_2025,date,date,key,datetime64[us],4015,0,365,Calendar date.,,
external_predictions_2025,unit,unit,key,str,4015,0,11,Canonical regional analysis-unit identifier.,,
external_predictions_2025,M0_predicted_rate_repair,m0_predicted_rate_repair,model_prediction,float64,4015,0,4015,Derived or source variable; see METHODS_FREEZE.md and SOURCE_PROVENANCE.csv.,0.00036794738636685104,0.0013920828080452858
external_predictions_2025,M0_predicted_count_repair,m0_predicted_count_repair,model_prediction,float64,4015,0,4015,Derived or source variable; see METHODS_FREEZE.md and SOURCE_PROVENANCE.csv.,54.981255472935075,6483.521418005787
external_predictions_2025,M1_predicted_rate_repair,m1_predicted_rate_repair,model_prediction,float64,4015,0,4015,Derived or source variable; see METHODS_FREEZE.md and SOURCE_PROVENANCE.csv.,0.00032474978812053584,0.0014463626545180837
external_predictions_2025,M1_predicted_count_repair,m1_predicted_count_repair,model_prediction,float64,4015,0,4015,Derived or source variable; see METHODS_FREEZE.md and SOURCE_PROVENANCE.csv.,53.19721391984805,6630.25092557977
external_predictions_2025,M2_predicted_rate_repair,m2_predicted_rate_repair,model_prediction,float64,4015,0,4015,Derived or source variable; see METHODS_FREEZE.md and SOURCE_PROVENANCE.csv.,0.0003226771940908749,0.0013988676171038728
external_predictions_2025,M2_predicted_count_repair,m2_predicted_count_repair,model_prediction,float64,4015,0,4015,Derived or source variable; see METHODS_FREEZE.md and SOURCE_PROVENANCE.csv.,48.90458757087948,6427.126791966614
